customer,folder,source_pdf_count,export_file,checklist_file,export_type,export_rows,export_total_qty,export_orders_count,export_orders_sample,pdf_po_count,pdf_po_sample,po_overlap_count,po_mismatch,unique_styles_count,style_found_direct_count,style_pair_found_count,dept_from_filename,checklist_rows,notes
CITI TRENDS,CITI TRENDS,0,,,,0,0,0,,0,,0,NO,0,0,0,,0,
Shoe Show,Shoe Show,0,,,,0,0,0,,0,,0,NO,0,0,0,,0,
Bealls Outlet,Bealls Outlet/PT  1754706 - 1754707,2,export.xlsx,BEALLS OUTLET Check List PT 1754706 - 1754707.xlsx,xlsx,12,4130.0,2,1875165 | 1875166,5,1875165 | 1875166 | AMERICAN EXCHANGE | Inquiries | edidepartment,2,NO,5,5,6,272,26,
Bealls Outlet,Bealls Outlet/PT 1742390,2,,BEALLS OUTLET check list 1742390.xlsx,,0,0,0,,4,1841616-DT | 1841617-DT | Inquiries | See Attachment,0,NO,0,0,0,3075,26,
Bealls Outlet,Bealls Outlet/PT 1744532 - 1744533,2,export.xlsx,BEALLS OUTLET check list 1744532 - 1744533.xlsx,xlsx,16,1206.0,2,1785507 | 1785508,5,1785507-DT | 1785508-DT | Inquiries | Please contact compliance | See Attachment,0,YES,1,0,0,3655,26,
Bealls Outlet,Bealls Outlet/PT 1746887 - 1746890,4,export.xlsx,Bealls Outlet Checklist PT 1746887 - 1746890.xlsx,xlsx,32,2403.0,4,1785514 | 1785515 | 1786285 | 1786286,7,1785514-DT | 1785515-DT | 1786285-DT | 1786286-DT | Inquiries | Please contact compliance | See Attachment,0,YES,2,0,0,3655,38,
Bealls Outlet,Bealls Outlet/PT 1749472 - 1749473,2,export.xlsx,BEALLS OUTLET Check List PT 1749472 - 1749473.xlsx,xlsx,16,603.0,2,1785511 | 1785513,5,1785511-DT | 1785513-DT | Inquiries | Please contact compliance | See Attachment,0,YES,1,0,0,3655,26,
Bealls Outlet,Bealls Outlet/PT 1751802 - 1751803,0,export.xlsx,BEALLS OUTLET check list PT 1751802 - 1751803.xlsx,xlsx,2,600.0,2,1820943 | 1820944,0,,0,NO,1,0,0,,16,
Bealls Outlet,Bealls Outlet/PT 1752022,1,export.xlsx,BEALLS OUTLET check list PT 1752022.xlsx,xlsx,2,149.0,1,1831159,3,1831159-DT | Inquiries | See Attachment,0,YES,2,0,0,3005,16,
Bealls Outlet,Bealls Outlet/PT 1752093 - 1752096,4,export.xlsx,BEALLS OUTLET Check List PT 1752093 - 1752096.xlsx,xlsx,8,5046.0,4,1831117 | 1831144 | 1831145 | 1831152,6,1831117-DT | 1831144-DT | 1831145-DT | 1831152-DT | Inquiries | See Attachment,0,YES,8,4,4,3005,22,
Bealls Outlet,Bealls Outlet/PT 1752320 - 1752321,2,export.xlsx,BEALLS OUTLET Check List PT 1752320 - 1752321.xlsx,xlsx,8,2415.0,2,1829499 | 1829500,4,1829499 | 1829500 | Inquiries | See Attachment,2,NO,4,3,3,272,26,
Bealls Outlet,Bealls Outlet/PT 1752326 - 1752327,2,export.xlsx,Bealls Outlet Checklist PT 1752326 - 1752327.xlsx,xlsx,8,2400.0,2,1817617 | 1817618,4,1817617 | 1817618 | Inquiries | See Attachment,2,NO,4,4,4,270,22,
Bealls Outlet,Bealls Outlet/PT 1752515 - 1752516,2,export.xlsx,BEALLS OUTLET Check List PT 1752515 - 1752516.xlsx,xlsx,2,1200.0,2,1856019 | 1856020,5,1856019 | 1856020-DT | AMERICAN EXCHANGE | Inquiries | edidepartment,1,PARTIAL,1,1,1,270 | 3270,16,
Bealls Outlet,Bealls Outlet/PT 1752517 - 1752520,4,export.xlsx,BEALLS OUTLET check list 1752517 - 1752520.xlsx,xlsx,14,5070.0,4,1858077 | 1858202 | 1868201 | 1868202,7,1858077-DT | 1858202 | 1868201-DT | 1868202-DT | AMERICAN EXCHANGE | Inquiries | edidepartment,1,PARTIAL,6,6,8,270 | 3270,28,
Bealls Outlet,Bealls Outlet/PT 1752885 - 1752886,2,export.xlsx,BEALLS OUTLET check list 1742390.xlsx,xlsx,10,2100.0,2,1851712 | 1851713,4,1851712-DT | 1851713-DT | Inquiries | See Attachment,0,YES,2,2,5,3277,24,
Bealls Outlet,Bealls Outlet/PT 1753073 - 1753074,2,export.xlsx,BEALLS OUTLET check list 1753073 - 1753074.xlsx,xlsx,4,2398.0,2,1842720 | 1842721,4,1842720 | 1842721 | Inquiries | See Attachment,2,NO,2,1,1,275,18,
Bealls Outlet,Bealls Outlet/PT 1753101 - 1753102,1,export.xlsx,BEALLS OUTLET check list PT 1753101 - 1753102.xlsx,xlsx,2,1500.0,1,1858439,4,1858439 | AMERICAN EXCHANGE | Inquiries | edidepartment,1,NO,1,1,1,270,16,
Bealls Outlet,Bealls Outlet/PT 1753183 - 1753184,2,export.xlsx,BEALLS OUTLET check list PT 1753183 - 1753184.xlsx,xlsx,10,2400.0,2,1817648 | 1817649,5,1817648-DT | 1817649-DT | AMERICAN EXCHANGE | Inquiries | edidepartment,0,YES,5,0,0,3277,24,
Bealls Outlet,Bealls Outlet/PT 1753604,1,export.xlsx,BEALLS OUTLET check list 1753604.xlsx,xlsx,1,425.0,1,1858440,4,1858440 | AMERICAN EXCHANGE | Inquiries | edidepartment,1,NO,1,1,1,270,15,
Bealls Outlet,Bealls Outlet/PT 1753682 - 1753683,2,export.xlsx,BEALLS OUTLET Check List 1753682 - 1753683.xlsx,xlsx,4,542.0,2,1878034 | 1878035,5,1878034-DT | 1878035-DT | AMERICAN EXCHANGE | Inquiries | edidepartment,0,YES,2,2,2,3270,18,
Bealls Outlet,Bealls Outlet/PT 1753702 - 1753703,2,export.xlsx,BEALLS OUTLET Check List 1753702 - 1753703.xlsx,xlsx,4,1003.0,2,1877975 | 1877976,5,1877975-DT | 1877976-DT | AMERICAN EXCHANGE | Inquiries | edidepartment,0,YES,2,2,1,3272,18,
Bealls Outlet,Bealls Outlet/PT 1754793 - 1754794,2,export.xlsx,BEALLS OUTLET Check List PT 1754793 - 1754794.xlsx,xlsx,16,900.0,2,1711125 | 1711126,5,1711125-DT | 1711126-DT | Inquiries | Please contact compliance | See Attachment,0,YES,1,0,0,3655,16,
Bealls Outlet,Bealls Outlet/PT 1754967 - 1754970,4,export.xlsx,BEALLS OUTLET Check List PT  1754967 - 1754970.xlsx,xlsx,32,2412.0,4,1786291 | 1786292 | 1786325 | 1786326,7,1786291-DT | 1786292-DT | 1786325-DT | 1786326-DT | Inquiries | Please contact compliance | See Attachment,0,YES,1,0,0,3655,18,
Bealls Outlet,Bealls Outlet/PT 1756532 - 1756533,0,export.xlsx,BEALLS OUTLET Check List PT  1756532 - 1756533.xlsx,xlsx,2,600.0,2,1852552 | 1852553,0,,0,NO,1,0,0,,18,
Bealls Outlet,Bealls Outlet/PT 1756753 - 1756754,2,export.xlsx,BEALLS OUTLET Check List PT  1756753 - 1756754.xlsx,xlsx,2,600.0,2,1852565 | 1852566,4,1852565 | 1852566 | Inquiries | See Attachment,2,NO,1,0,0,277,16,
Bealls Outlet,Bealls Outlet/PT 1757519 - 1757520,2,export.xlsx,BEALLS OUTLET Check List PT   1757519 - 1757520.xlsx,xlsx,6,1800.0,2,1817645 | 1817646,5,1817645-DT | 1817646-DT | AMERICAN EXCHANGE | Inquiries | edidepartment,0,YES,3,0,0,3277,20,
Bealls Outlet,Bealls Outlet/PT 1757936 - 1757937,2,export.xlsx,BEALLS OUTLET Check List PT  1757936 - 1757937.xlsx,xlsx,16,900.0,2,1785516 | 1785524,5,1785516-DT | 1785524-DT | Inquiries | Please contact compliance | See Attachment,0,YES,1,0,0,3655,16,
Bealls Outlet,Bealls Outlet/PT 1757990,1,export.xlsx,BEALLS OUTLET Check List PT 1757990.xlsx,xlsx,1,60.0,1,1858085,4,1858085 | AMERICAN EXCHANGE | Inquiries | edidepartment,1,NO,1,1,1,270,15,
Bealls Outlet,Bealls Outlet/PT 1758284 - 1758285,2,export.csv,BEALLS OUTLET Check List PT 1758284 - 1758285.xlsx,csv,2,600.0,2,1875818 | 1875819,5,1875818-DT | 1875819-DT | AMERICAN EXCHANGE | Inquiries | edidepartment,0,YES,1,0,0,3277,16,
Bealls Outlet,Bealls Outlet/PT 1758712 - 1758713,2,export.xlsx,BEALLS OUTLET Check List PT 1758712 - 1758713.xlsx,xlsx,12,2400.0,2,1846734 | 1846736,5,1846734 | 1846736 | Inquiries | Please contact compliance | See Attachment,2,NO,1,1,0,3655,16,
Bealls Outlet,Bealls Outlet/PT 1758714 - 1758722,0,export.xlsx,BEALLS OUTLET Check List PT 1758714 - 1758722.xlsx,xlsx,54,9768.0,9,1846743 | 1846745 | 1846752 | 1846753 | 1846760 | 1846761 | 1846770 | 1846772,0,,0,NO,2,0,0,,23,
Bealls Outlet,Bealls Outlet/PT 1759001- 1759004,4,export.xlsx,BEALLS OUTLET Check List PT 1759001- 1759004.xlsx,xlsx,12,5657.0,4,1902633 | 1902634 | 1902641 | 1902642,7,1902633-DT | 1902634-DT | 1902641-DT | 1902642-DT | AMERICAN EXCHANGE | Inquiries | edidepartment,0,YES,4,4,6,3270 | 3277,74,
Bealls Outlet,Bealls Outlet/PT 1759021 - 1759024,4,export.xlsx,BEALLS OUTLET Check List PT 1759021 - 1759024.xlsx,xlsx,24,2400.0,4,1847607 | 1847608 | 1847611 | 1847612,7,1847607 | 1847608 | 1847611 | 1847612 | Inquiries | Please contact compliance | See Attachment,4,NO,1,1,1,3655,18,
Bealls Outlet,Bealls Outlet/PT 1759034,1,export.xlsx,BEALLS OUTLET Check List PT 1759034.xlsx,xlsx,3,485.0,1,1858368,4,1858368-DT | AMERICAN EXCHANGE | Inquiries | edidepartment,0,YES,1,1,3,3270,17,
Bealls Outlet,Bealls Outlet/PT 1759047,1,export.xlsx,BEALLS OUTLET check list 1759047.xlsx,xlsx,6,432.0,1,1846796,4,1846796-DT | Inquiries | Please contact compliance | See Attachment,0,YES,1,1,0,3655,15,
Bealls Outlet,Bealls Outlet/PT 1759380 - 1759381,2,export.xlsx,BEALLS OUTLET Check List PT 1759380 - 1759381.xlsx,xlsx,4,1500.0,2,1833367 | 1833368,4,1833367 | 1833368 | Inquiries | See Attachment,2,NO,2,2,2,270,18,
Bealls Outlet,Bealls Outlet/PT 1759425 - 1759434,10,export.xlsx,BEALLS OUTLET check list 1759425 - 1759434.xlsx,xlsx,60,5580.0,10,1847672 | 1847673 | 1847684 | 1847685 | 1847686 | 1847687 | 1847698 | 1847702,13,1847672-DT | 1847673-DT | 1847684-DT | 1847685-DT | 1847686-DT | 1847687-DT | 1847698-DT | 1847702-DT,0,YES,1,1,0,3660,24,
Bealls Outlet,Bealls Outlet/PT 1759439 - 1759440,2,export.xlsx,BEALLS OUTLET Check List PT 1759439 - 1759440.xlsx,xlsx,10,3000.0,2,1843509 | 1843510,4,1843509 | 1843510 | Inquiries | See Attachment,2,NO,5,5,5,,24,
Bealls Outlet,Bealls Outlet/PT 1760350 - 1760351,2,export.xlsx,Bealls Outlet Checklist PT 1760350 - 1760351.xlsx,xlsx,16,603.0,2,1711061 | 1711062,5,1711061 | 1711062 | Inquiries | Please contact compliance | See Attachment,2,NO,1,0,0,3655,16,
Bealls Outlet,Bealls Outlet/PT 1760389 - 1760397,0,export.xlsx,BEALLS OUTLET Check List PT 1760389 - 1760397.xlsx,xlsx,54,7464.0,9,1778416 | 1778676 | 1778719 | 1779382 | 1779384 | 1779386 | 1779592 | 1779599,0,,0,NO,4,0,0,,23,
Bealls Outlet,Bealls Outlet/PT 1761107 - 1761108,0,export.xlsx,BEALLS OUTLET check list 1744532 - 1744533.xlsx,xlsx,12,1200.0,2,1847760 | 1847767,0,,0,NO,1,0,0,,16,
Bealls Outlet,Bealls Outlet/PT 1761948 - 1761953,0,export.xlsx,BEALLS OUTLET Check List PT 1761948 - 1761953.xlsx,xlsx,36,3300.0,6,1846756 | 1846757 | 1846775 | 1846776 | 1847609 | 1847610,0,,0,NO,1,0,0,,20,
Bealls Outlet,Bealls Outlet/PT 1761954 - 1761955,0,export.xlsx,BEALLS OUTLET Check List PT 1761954 - 1761955.xlsx,xlsx,12,1200.0,2,1847689 | 1847690,0,,0,NO,1,0,0,,16,
Bealls Outlet,Bealls Outlet/PT 1763650 - 1763651,2,export.xlsx,BEALLS OUTLET check list 1763650 - 1763651.xlsx,xlsx,6,720.0,2,1857601 | 1857602,5,1857601 | 1857602 | E GLUCK CORP | Inquiries | edidepartment,2,NO,1,1,3,3498,20,
Bealls Outlet,Bealls Outlet/PT 1763735 - 1763736,2,export.xlsx,BEALLS OUTLET Check List PT 1763735 - 1763736.xlsx,xlsx,12,1200.0,2,1846804 | 1846816,5,1846804-DT | 1846816-DT | Inquiries | Please contact compliance | See Attachment,0,YES,1,1,0,3655,16,
Bealls Outlet,Bealls Outlet/PT 1765465 - 1765466,0,export.xlsx,BEALLS OUTLET Check List PT 1765465 - 1765466.xlsx,xlsx,12,1500.0,2,1846764 | 1846766,0,,0,NO,1,0,0,,16,
Bealls Outlet,Bealls Outlet/PT 1766482 - 1766484,0,export.xlsx,BEALLS OUTLET check list 1766482 - 1766484.xlsx,xlsx,32,11928.0,3,1930893 | 1930894 | 1930902,0,,0,NO,12,0,0,,46,
Bealls Outlet,Bealls Outlet/PT 1766686 - 1766687,2,export.xlsx,BEALLS OUTLET Check List PT 1766686 - 1766687.xlsx,xlsx,12,1500.0,2,1846777 | 1846779,5,1846777-DT | 1846779-DT | Inquiries | Please contact compliance | See Attachment,0,YES,1,1,0,3655,16,
CITI TRENDS,CITI TRENDS/PT 1745532,1,export.xlsx,Citi Trends CHECK LIST PT 1745532.xlsx,xlsx,14,1200.0,1,0000187805,2,Buyer | LORISSA KOWALSKI,0,YES,1,0,0,,0,
CITI TRENDS,CITI TRENDS/PT 1745533,1,export.xlsx,Citi Trends CHECK LIST PT 1745533.xlsx,xlsx,3,4200.0,1,0000194133,2,Buyer | HEATHER STANKIEWICZ,0,YES,3,3,1,,0,
CITI TRENDS,CITI TRENDS/PT 1745551,1,export.xlsx,Citi Trends CHECK LIST PT 1745551.xlsx,xlsx,12,1800.0,1,0000196469,2,Buyer | LORISSA KOWALSKI,0,YES,1,0,0,,0,
CITI TRENDS,CITI TRENDS/PT 1745841 - 1746431,2,export.xlsx,Citi Trends CHECK LIST PT 1745841 - 1746431.xlsx,xlsx,2955,8400.0,1,0000184899,2,Buyer | KIRSTIN GALVIN,0,YES,5,0,0,,0,
CITI TRENDS,CITI TRENDS/PT 1752488,1,export.xlsx,Citi Trends CHECK LIST PT 1752488.xlsx,xlsx,5,6000.0,1,0000196141,2,Buyer | KIRSTIN GALVIN,0,YES,5,5,5,,0,
CITI TRENDS,CITI TRENDS/PT 1753086,1,export.xlsx,Citi Trends CHECK LIST PT 1753086.xlsx,xlsx,22,6284.0,1,0000199431,2,Buyer | KIRSTIN GALVIN,0,YES,19,19,22,,0,
CITI TRENDS,CITI TRENDS/PT 1756205 - 1756207,3,export.xlsx,Citi Trends CHECK LIST PT  1756205 - 1756207.xlsx,xlsx,32,5400.0,3,0000187960 | 0000187961 | 0000190009,3,AESHA SANFORD | Buyer | LORISSA KOWALSKI,0,YES,3,1,0,,0,
CITI TRENDS,CITI TRENDS/PT 1760405,1,export.xlsx,Citi Trends CHECK LIST PT 1745532.xlsx,xlsx,14,6120.0,1,0000203895,2,Buyer | LORISSA KOWALSKI,0,YES,1,1,2,,0,
CITI TRENDS,CITI TRENDS/PT 1761940,1,export.xlsx,Citi Trends CHECK LIST PT 1761940.xlsx,xlsx,6,4800.0,1,0000203845,2,Buyer | DEREK EDWARDS,0,YES,1,0,0,,0,
CITI TRENDS,CITI TRENDS/PT 1762187,1,export.xlsx,Citi Trends CHECK LIST PT 1762187.xlsx,xlsx,6,336.0,2,0000203846 | 203846,2,Buyer | DEREK EDWARDS,0,YES,1,0,0,,0,
CITI TRENDS,CITI TRENDS/PT 1762334,1,export.xlsx,Citi Trends CHECK LIST PT 1762334.xlsx,xlsx,6,1224.0,1,0000203462,2,AESHA SANFORD | Buyer,0,YES,1,1,1,,0,
CITI TRENDS,CITI TRENDS/PT 1763363,1,export.xlsx,Citi Trends CHECK LIST PT 1763363.xlsx,xlsx,18,1620.0,1,0000203462,2,AESHA SANFORD | Buyer,0,YES,3,3,3,,0,
CITI TRENDS,CITI TRENDS/PT 1766365,1,export.xlsx,Citi Trends CHECK LIST PT 1766365.xlsx,xlsx,16,2400.0,1,0000190756,2,Buyer | LETICIA DISESSA,0,YES,2,0,0,,0,
CITI TRENDS,CITI TRENDS/PT Example,2,,Citi Trends CHECK LIST PT 1736654 -- 1737244.xlsx,,0,0,0,,2,Buyer | KIRSTIN GALVIN,0,NO,0,0,0,,0,
Gabriel Brothers,Gabriel Brothers/Allocation,0,,,,0,0,0,,0,,0,NO,0,0,0,,0,
Gabriel Brothers,Gabriel Brothers/PT 1742885,1,export.xlsx,GABRIELBRO CHECK LIST PT.xlsx,xlsx,2,1200.0,1,100-0011009256 GM,3,Order Date 3 | Revised 9 | and U,0,YES,1,1,1,,0,
Gabriel Brothers,Gabriel Brothers/PT 1743766,1,export.xlsx,GABRIELBRO CHECK LIST PT.xlsx,xlsx,18,2280.0,1,100-0010013530 CR,3,Order Date 12 | Revised 9 | and U,0,YES,3,3,3,,0,
Gabriel Brothers,Gabriel Brothers/PT 1743787,1,export.xlsx,GABRIELBRO CHECK LIST PT 1743787.xlsx,xlsx,38,6900.0,1,100-0013003175 JR,5,AND THE ATTACHED GABE | Acknowledged and Accepted By Seller | Order Date 10 | Revised 9 | and U,0,YES,6,3,0,,0,
Gabriel Brothers,Gabriel Brothers/PT 1744388,1,export.xlsx,GABRIELBRO CHECK LIST PT 1744388.xlsx,xlsx,18,2400.0,1,100-0012002854 JR,3,Order Date 3 | Revised 9 | and U,0,YES,2,2,1,,0,
Gabriel Brothers,Gabriel Brothers/PT 1744448 - 1744449,3,export.xlsx,GABRIELBRO CHECK LIST PT.xlsx,xlsx,80,10260.0,2,100-0011009123 CF | 100-0011009238 CF,7,11009238 | AND THE ATTACHED GABE | Acknowledged and Accepted By Seller | Order Date 11 | Order Date 2 | Revised 9 | and U,0,YES,7,3,0,,0,
Gabriel Brothers,Gabriel Brothers/PT 1744473 - 1744474,2,export.xlsx,GABRIELBRO CHECK LIST PT.xlsx,xlsx,36,5736.0,2,100-0012002855 JR | 100-0013003281 JR,3,Order Date 3 | Revised 9 | and U,0,YES,4,4,2,,0,
Gabriel Brothers,Gabriel Brothers/PT 1747036,1,export.xlsx,GABRIELBRO CHECK LIST PT 1747036.xlsx,xlsx,16,2580.0,1,100-0049001546 GM,3,Order Date 3 | Revised 9 | and U,0,YES,2,0,0,,0,
Gabriel Brothers,Gabriel Brothers/PT 1747083,1,export.xlsx,GABRIELBRO CHECK LIST PT 1747083.xlsx,xlsx,12,1800.0,1,100-0012002746 JR,3,Order Date 10 | Revised 9 | and U,0,YES,1,0,0,,0,
Gabriel Brothers,Gabriel Brothers/PT 1747513 - 1747514,2,export.xlsx,GABRIELBRO CHECK LIST PT 1747513 - 1747514.xlsx,xlsx,42,8280.0,2,100-0012002739 JR | 100-0012002856 JR,6,AND THE ATTACHED GABE | Acknowledged and Accepted By Seller | Order Date 10 | Order Date 3 | Revised 9 | and U,0,YES,4,3,2,,0,
Gabriel Brothers,Gabriel Brothers/PT 1748055,1,export.xlsx,GABRIELBRO CHECK LIST PT 1748055.xlsx,xlsx,8,600.0,1,100-0013003290 JR,3,Order Date 3 | Revised 9 | and U,0,YES,1,0,0,,0,
Gabriel Brothers,Gabriel Brothers/PT 1748425,1,export.xlsx,GABRIELBRO CHECK LIST PT 1748425.xlsx,xlsx,8,1200.0,1,100-0010013398 CR,5,AND THE ATTACHED GABE | Acknowledged and Accepted By Seller | Order Date 7 | Revised 9 | and U,0,YES,1,0,0,,0,
Gabriel Brothers,Gabriel Brothers/PT 1748470 - 1748471,1,export.xlsx,GABRIELBRO CHECK LIST PT 1748470 - 1748471.xlsx,xlsx,18,2424.0,1,100-0012002760 JR,3,Order Date 11 | Revised 9 | and U,0,YES,1,0,0,,0,
Gabriel Brothers,Gabriel Brothers/PT 1748540 - 1748550,0,export.xlsx,GABRIELBRO CHECK LIST PT 1748540 - 1748550.xlsx,xlsx,162,26760.0,11,100-0010013489 CR | 100-0011009124 CF | 100-0012002707 JR | 100-0012002732 JR | 100-0012002761 JR | 100-0013003154 JR | 100-0013003169 JR | 100-0013003171 JR,0,,0,NO,18,0,0,,0,
Gabriel Brothers,Gabriel Brothers/PT 1749839,1,export.xlsx,GABRIELBRO CHECK LIST PT 1749839.xlsx,xlsx,17,1212.0,1,100-0049001547 GM,3,Order Date 3 | Revised 9 | and U,0,YES,2,0,0,,0,
Gabriel Brothers,Gabriel Brothers/PT 1751240 - 1751241,0,export.xlsx,GABRIELBRO CHECK LIST PT 1751240 - 1751241.xlsx,xlsx,6,1620.0,2,100-0065005283 LP | 100-0065005346 LP,0,,0,NO,4,0,0,,0,
Gabriel Brothers,Gabriel Brothers/PT 1751528 - 1751529,0,export.xlsx,GABRIELBRO CHECK LIST PT 1751528 - 1751529.xlsx,xlsx,18,3760.0,2,100-0065005324 LP | 100-0101000255 LP,0,,0,NO,18,0,0,,0,
Gabriel Brothers,Gabriel Brothers/PT 1753055 - 1753056,0,export.xlsx,GABRIELBRO CHECK LIST PT 1753055 - 1753056.xlsx,xlsx,4,880.0,2,100-0065005348 LP | 100-0065005395 LP,0,,0,NO,2,0,0,,0,
Gabriel Brothers,Gabriel Brothers/PT 1754719,1,export.xlsx,GABRIELBRO CHECK LIST PT 1754719.xlsx,xlsx,24,3600.0,1,100-0012002813 JR,5,AND THE ATTACHED GABE | Acknowledged and Accepted By Seller | Order Date 1 | Revised 9 | and U,0,YES,2,2,1,,0,
Gabriel Brothers,Gabriel Brothers/PT 1754720 - 1754724,5,export.xlsx,GABRIELBRO CHECK LIST PT 1754720 - 1754724.xlsx,xlsx,82,14940.0,5,100-0012002740 JR | 100-0012002747 JR | 100-0013003172 JR | 100-0013003201 JR | 100-0013003203 JR,6,AND THE ATTACHED GABE | Acknowledged and Accepted By Seller | Order Date 10 | Order Date 11 | Revised 9 | and U,0,YES,7,1,1,,0,
Gabriel Brothers,Gabriel Brothers/PT 1756189 - 1756190,2,export.xlsx,GABRIELBRO CHECK LIST PT 1756189 - 1756190.xlsx,xlsx,15,2400.0,2,100-0010013733 CR | 100-0012002857 JR,3,Order Date 3 | Revised 9 | and U,0,YES,2,2,2,,0,
Gabriel Brothers,Gabriel Brothers/PT 1756605,1,export.xlsx,GABRIELBRO CHECK LIST PT 1756605.xlsx,xlsx,1,480.0,1,100-0065005132 LP,5,AND THE ATTACHED GABE | Acknowledged and Accepted By Seller | Order Date 12 | Revised 9 | and U,0,YES,1,1,1,,0,
Gabriel Brothers,Gabriel Brothers/PT 1756614,1,export.xlsx,GABRIELBRO CHECK LIST PT 1756614.xlsx,xlsx,5,1099.0,1,100-0065005418 LP,3,Order Date 4 | Revised 9 | and U,0,YES,2,1,2,,0,
Gabriel Brothers,Gabriel Brothers/PT 1756641,1,export.xlsx,GABRIELBRO CHECK LIST PT 1756641.xlsx,xlsx,6,2160.0,1,100-0065005400 LP,6,65005400 Revised | AND THE ATTACHED GABE | Acknowledged and Accepted By Seller | Order Date 3 | Revised 9 | and U,0,YES,6,6,6,,0,
Gabriel Brothers,Gabriel Brothers/PT 1756875,1,export.xlsx,GABRIELBRO CHECK LIST PT 1756875.xlsx,xlsx,24,1980.0,1,100-0010013567 CR,5,AND THE ATTACHED GABE | Acknowledged and Accepted By Seller | Order Date 1 | Revised 9 | and U,0,YES,2,2,3,,0,
Gabriel Brothers,Gabriel Brothers/PT 1756879,1,export.xlsx,GABRIELBRO CHECK LIST PT 1756879.xlsx,xlsx,8,1200.0,1,100-0010013490 CR,5,AND THE ATTACHED GABE | Acknowledged and Accepted By Seller | Order Date 11 | Revised 9 | and U,0,YES,1,0,0,,0,
Gabriel Brothers,Gabriel Brothers/PT 1757120,1,export.xlsx,GABRIELBRO CHECK LIST PT 1757120.xlsx,xlsx,16,1440.0,1,100-0010013435 CR,5,AND THE ATTACHED GABE | Acknowledged and Accepted By Seller | Order Date 9 | Revised 9 | and U,0,YES,1,0,0,,0,
Gabriel Brothers,Gabriel Brothers/PT 1757121 - 1757122,2,export.xlsx,GABRIELBRO CHECK LIST PT.xlsx,xlsx,14,2400.0,2,100-0010013484 CR | 100-0010013738 CR,6,AND THE ATTACHED GABE | Acknowledged and Accepted By Seller | Order Date 10 | Order Date 3 | Revised 9 | and U,0,YES,2,0,0,,0,
Gabriel Brothers,Gabriel Brothers/PT 1757123,1,export.xlsx,GABRIELBRO CHECK LIST PT  1757123.xlsx,xlsx,40,3300.0,1,100-0049001555 GM,3,Order Date 4 | Revised 9 | and U,0,YES,5,0,0,,0,
Gabriel Brothers,Gabriel Brothers/PT 1757558,1,export.xlsx,GABRIELBRO CHECK LIST PT 1757558.xlsx,xlsx,16,336.0,1,100-0010013777 CR,5,AND THE ATTACHED GABE | Acknowledged and Accepted By Seller | Order Date 5 | Revised 9 | and U,0,YES,2,2,2,,0,
Gabriel Brothers,Gabriel Brothers/PT 1757965,1,export.xlsx,GABRIELBRO CHECK LIST PT 1757965.xlsx,xlsx,8,1008.0,1,100-0049001433 CF,6,49001433 | AND THE ATTACHED GABE | Acknowledged and Accepted By Seller | Order Date 10 | Revised 9 | and U,0,YES,1,0,0,,0,
Gabriel Brothers,Gabriel Brothers/PT 1757985 - 1757986,2,export.xlsx,GABRIELBRO CHECK LIST PT PT 1757985 - 1757986.xlsx,xlsx,30,3696.0,2,100-0010013568 CR | 100-0013003282 JR,6,AND THE ATTACHED GABE | Acknowledged and Accepted By Seller | Order Date 1 | Order Date 3 | Revised 9 | and U,0,YES,3,3,2,,0,
Gabriel Brothers,Gabriel Brothers/PT 1758130 - 1758131,0,export.csv,GABRIELBRO CHECK LIST PT 1758130 - 1758131.xlsx,error,0,0,0,,0,,0,NO,0,0,0,,0,
Gabriel Brothers,Gabriel Brothers/PT 1758953,1,export.xlsx,GABRIELBRO CHECK LIST PT 1758953.xlsx,xlsx,11,2520.0,1,100-0065005405 LP,3,Order Date 3 | Revised 9 | and U,0,YES,4,4,11,,0,
Gabriel Brothers,Gabriel Brothers/PT 1762337,1,export.xlsx,GABRIELBRO CHECK LIST PT 1762337.xlsx,xlsx,86,6636.0,1,100-0010013766 CR,5,AND THE ATTACHED GABE | Acknowledged and Accepted By Seller | Order Date 5 | Revised 9 | and U,0,YES,4,4,6,,0,
Gabriel Brothers,Gabriel Brothers/PT 1763366,1,export.xlsx,GABRIELBRO CHECK LIST PT.xlsx,xlsx,8,1668.0,1,100-0010013548 CR,5,AND THE ATTACHED GABE | Acknowledged and Accepted By Seller | Order Date 12 | Revised 9 | and U,0,YES,1,0,0,,0,
Gabriel Brothers,Gabriel Brothers/PT 1763512,1,export.xlsx,GABRIELBRO CHECK LIST PT 1763512.xlsx,xlsx,40,986.0,1,100-0011009319 GM,5,AND THE ATTACHED GABE | Acknowledged and Accepted By Seller | Order Date 5 | Revised 9 | and U,0,YES,4,4,4,,0,
Gabriel Brothers,Gabriel Brothers/PT 1763519,1,export.xlsx,GABRIELBRO CHECK LIST PT 1763519.xlsx,xlsx,32,4800.0,1,100-0011009358 GM,6,11009358 | AND THE ATTACHED GABE | Acknowledged and Accepted By Seller | Order Date 6 | Revised 9 | and U,0,YES,3,3,3,,0,
Gabriel Brothers,Gabriel Brothers/PT 1763584,1,export.xlsx,GABRIELBRO CHECK LIST PT.xlsx,xlsx,18,3360.0,1,100-0012002783 JR,5,AND THE ATTACHED GABE | Acknowledged and Accepted By Seller | Order Date 12 | Revised 9 | and U,0,YES,2,0,0,,0,
Gabriel Brothers,Gabriel Brothers/PT 1763585,1,export.xlsx,GABRIELBRO CHECK LIST PT 1763585.xlsx,xlsx,12,1920.0,1,100-0012002901 JR,5,AND THE ATTACHED GABE | Acknowledged and Accepted By Seller | Order Date 5 | Revised 9 | and U,0,YES,2,0,0,,0,
Gabriel Brothers,Gabriel Brothers/PT 1764922,1,export.xlsx,GABRIELBRO CHECK LIST PT 1764922.xlsx,xlsx,16,1164.0,1,100-0013003334 JR,3,Order Date 5 | Revised 9 | and U,0,YES,1,0,0,,0,
Gabriel Brothers,Gabriel Brothers/PT 1766495,0,export.xlsx,GABRIELBRO CHECK LIST PT 1766495.xlsx,xlsx,24,2736.0,1,100-0012002916 JR,0,,0,NO,2,0,0,,0,
Gabriel Brothers,Gabriel Brothers/Templates,1,,GABRIELBRO CHECK LIST PT 1741559.xlsx,,0,0,0,,0,,0,NO,0,0,0,,0,
Shoe Show,Shoe Show/PT 1751888 - 1751890,0,export.xlsx,Check list PT 1751888 - 1751890.xlsx,xlsx,9,2682.0,3,24306 | 24309 | 24633,0,,0,NO,3,0,0,,25,
Shoe Show,Shoe Show/PT 1753062,1,export.xlsx,Check list PT 1753062.xlsx,xlsx,2,264.0,1,23939,2,23939 5 | PURCHASE ORDER,0,YES,1,1,2,,18,
Shoe Show,Shoe Show/PT 1753248,1,export.xlsx,Check list PT 1753248.xlsx,xlsx,1,240.0,1,23935,3,23935 | PURCHASE ORDER | REGARDING THIS PURCHASE ORDER,1,NO,1,1,1,,17,
Shoe Show,Shoe Show/PT 1758863,1,export.xlsx,Check list PT  1758863.xlsx,xlsx,6,900.0,1,25225,3,25225 | PURCHASE ORDER | REGARDING THIS PURCHASE ORDER,1,NO,1,0,0,,17,
Shoe Show,Shoe Show/PT 1761105,1,export.xlsx,Check list PT 1761105.xlsx,xlsx,12,2808.0,1,35731,2,35731 | PURCHASE ORDER,1,NO,1,1,1,,18,
Shoe Show,Shoe Show/PT 1762558,1,export.xlsx,Check list PT 1762558.xlsx,xlsx,9,1200.0,1,25933,3,25933 | PURCHASE ORDER | REGARDING THIS PURCHASE ORDER,1,NO,1,0,0,,17,
Shoe Show,Shoe Show/PT 1763405,0,export.xlsx,Check list PT 1763405.xlsx,xlsx,12,1800.0,1,25226,0,,0,NO,1,0,0,,18,
Shoe Show,Shoe Show/PT 1763406,0,export.xlsx,Check list PT 1763406.xlsx,xlsx,18,1800.0,1,25932,0,,0,NO,1,0,0,,18,
Shoe Show,Shoe Show/PT 1763407 - 1763408,0,export.xlsx,Check list PT 1763407 - 1763408.xlsx,xlsx,15,3000.0,2,26641 | 26727,0,,0,NO,2,0,0,,18,
Shoe Show,Shoe Show/PT 1763409,0,export.xlsx,Check list PT 1763409.xlsx,xlsx,45,2400.0,1,27467,0,,0,NO,1,0,0,,19,
Shoe Show,Shoe Show/PT 1765501,0,export.xlsx,Check list PT 1765501.xlsx,xlsx,30,5100.0,1,28471,0,,0,NO,1,0,0,,19,
Variety Who,Variety Who/PT 1652888,1,,VARIETY check list PT 1652888.xlsx,,0,0,0,,0,,0,NO,0,0,0,,0,
Variety Who,Variety Who/PT 1742504 - 1742505,3,export.xlsx,VARIETY check list PT 1742504 - 1742505.xlsx,xlsx,12,3600.0,2,1809439 | 1809440,5,1809439 | 1809440 | HENDERSON DIST CTR | NEWNAN GA DIST CTR | Page   1   Of   27,2,NO,6,6,6,,0,
Variety Who,Variety Who/PT 1749618 - 1749619,0,export.xlsx,Variety Check List PT 1749618 - 1749619.xlsx,xlsx,16,840.0,2,1869567 | 1869568,0,,0,NO,1,0,0,,0,
Variety Who,Variety Who/PT 1749621 - 1749624,0,export.xlsx,VARIETY check list PT 1749621 - 1749624.xlsx,xlsx,96,3360.0,4,1869608 | 1869609 | 1871005 | 1871007,0,,0,NO,3,0,0,,0,
Variety Who,Variety Who/PT 1751303 - 1751304,2,export.xlsx,VARIETY check list PT 1751303 - 1751304.xlsx,xlsx,8,1440.0,2,1844290 | 1844291,6,1844290 | 1844290 4 | 1844291 | 1844291 4 | HENDERSON DIST CTR | NEWNAN GA DIST CTR,2,NO,2,2,4,,0,
Variety Who,Variety Who/PT 1751919 - 1751920,2,export.xlsx,VARIETY check list PT 1751919 - 1751920.xlsx,xlsx,18,1344.0,2,1885386 | 1885387,5,1885386 | 1885387 | GRAND TOTAL | HENDERSON DIST CTR | NEWNAN GA DIST CTR,2,NO,9,9,9,,0,
Variety Who,Variety Who/PT 1760109 - 1760110,2,export.xlsx,VARIETY check list PT 1760109 - 1760110.xlsx,xlsx,120,3792.0,2,1904053 | 1904054,4,1904053 | 1904054 | HENDERSON DIST CTR | NEWNAN GA DIST CTR,2,NO,5,5,5,,0,
Variety Who,Variety Who/PT 1760123 - 1760124,2,export.xlsx,VARIETY check list PT 1760123 - 1760124.xlsx,xlsx,28,762.0,2,1904114 | 1904115,4,1904114 | 1904115 | HENDERSON DIST CTR | NEWNAN GA DIST CTR,2,NO,2,2,2,,0,
Variety Who,Variety Who/PT 1760434 - 1760435,0,export.xlsx,VARIETY check list PT 1760434 - 1760435.xlsx,xlsx,32,540.0,2,1904108 | 1904109,0,,0,NO,2,0,0,,0,
Variety Who,Variety Who/PT 1761883 - 1761886,4,export.xlsx,VARIETY check list PT 1761883 - 1761886.xlsx,xlsx,160,5508.0,4,1904041 | 1904042 | 1913762 | 1913763,7,1904041 | 1904042 | 1913762 | 1913763 | GRAND TOTAL | HENDERSON DIST CTR | NEWNAN GA DIST CTR,4,NO,7,7,8,,0,
Variety Who,Variety Who/PT 1761885 - 1761886,0,,VARIETY check list PT 1761885 - 1761886.xlsx,,0,0,0,,0,,0,NO,0,0,0,,0,
Gabriel Brothers,Gabriel Brothers/PT 1748540 - 1748550/HC,11,,,,0,0,0,,7,AND THE ATTACHED GABE | Acknowledged and Accepted By Seller | Order Date 10 | Order Date 11 | Order Date 9 | Revised 9 | and U,0,NO,0,0,0,,0,
